route,airline,average_fare,median_fare,minimum_fare,maximum_fare,observations,average_duration_minutes,average_stops
AMD-BLR,Akasa Air,17861.0,17861.0,17861.0,17861.0,1,140.0,0.0
AMD-BLR,IndiGo,17945.428571428572,16177.5,15903.0,36383.0,14,298.92857142857144,0.6428571428571429
AMD-BLR,Air India,27324.0,27324.0,27324.0,27324.0,1,595.0,1.0
AMD-BOM,Akasa Air,8926.0,8926.0,8926.0,8926.0,1,85.0,0.0
AMD-BOM,IndiGo,9781.3,9560.5,8382.0,11793.0,10,87.5,0.0
AMD-BOM,Air India,9956.833333333334,9599.0,8588.0,11854.0,6,102.5,0.0
AMD-CCU,IndiGo,17161.8,17365.0,14341.0,18825.0,5,224.0,0.2
AMD-CCU,Air India,30072.5,30072.5,22023.0,38122.0,2,470.0,1.0
AMD-COK,IndiGo,24130.272727272728,23078.0,20925.0,35350.0,11,397.72727272727275,0.9090909090909091
AMD-DEL,IndiGo,12320.57142857143,11745.0,11154.0,14685.0,7,105.71428571428571,0.0
AMD-DEL,Air India,15505.636363636364,12144.0,11524.0,37611.0,11,110.0,0.0
AMD-GOI,IndiGo,16748.444444444445,15337.0,13298.0,21376.0,9,301.6666666666667,0.7777777777777778
AMD-GOI,"Air India, Air India Express",28007.666666666668,28858.0,26087.0,29078.0,3,701.6666666666666,1.0
AMD-GOI,Air India,34566.666666666664,30769.0,30482.0,42449.0,3,900.0,1.0
AMD-HYD,Star Air,13777.0,13777.0,13777.0,13777.0,1,170.0,1.0
AMD-HYD,IndiGo,17264.6,14570.0,14019.0,32746.0,10,216.0,0.5
AMD-HYD,Air India,23132.75,23932.0,15475.0,29192.0,4,456.25,1.0
AMD-MAA,IndiGo,19402.545454545456,16818.0,16049.0,35854.0,11,318.1818181818182,0.7272727272727273
AMD-PNQ,IndiGo,12955.285714285714,11539.0,9676.0,22739.0,7,199.28571428571428,0.2857142857142857
AMD-PNQ,Akasa Air,13340.0,11426.0,10827.0,17767.0,3,88.33333333333333,0.0
AMD-PNQ,Air India Express,22123.0,22123.0,22123.0,22123.0,1,330.0,1.0
AMD-PNQ,Air India,24965.0,24965.0,24965.0,24965.0,1,315.0,1.0
BLR-AMD,Akasa Air,17108.0,17108.0,17108.0,17108.0,1,130.0,0.0
BLR-AMD,IndiGo,19874.7,17276.0,15211.0,34491.0,10,235.0,0.5
BLR-AMD,Air India,19910.0,17960.0,16515.0,25255.0,3,446.6666666666667,1.0
BLR-AMD,Air India Express,25763.0,25763.0,25763.0,25763.0,1,125.0,0.0
BLR-BOM,Akasa Air,14275.4,13926.0,13667.0,15377.0,5,108.0,0.0
BLR-BOM,IndiGo,14992.76923076923,14501.0,13034.0,18879.0,13,151.92307692307693,0.3076923076923077
BLR-BOM,Air India,17264.571428571428,14136.5,13396.0,32314.0,14,123.57142857142857,0.0
BLR-CCU,IndiGo,19290.157894736843,17975.0,16480.0,27919.0,19,255.26315789473685,0.5263157894736842
BLR-CCU,Air India Express,21745.0,21498.0,19483.0,24501.0,4,327.5,0.25
BLR-CCU,Akasa Air,22255.0,22255.0,22255.0,22255.0,1,155.0,0.0
BLR-COK,Air India Express,12295.666666666666,11949.0,11569.0,13369.0,3,71.66666666666667,0.0
BLR-COK,IndiGo,14429.57142857143,12543.0,11648.0,18850.0,7,67.14285714285714,0.0
BLR-COK,Malaysia Airlines,281760.0,281760.0,281760.0,281760.0,1,685.0,1.0
BLR-DEL,Akasa Air,18230.25,18108.5,17895.0,18809.0,4,170.0,0.0
BLR-DEL,IndiGo,21616.7,18276.0,17335.0,38098.0,10,195.5,0.2
BLR-DEL,Air India Express,22090.333333333332,20076.0,18392.0,27803.0,3,406.6666666666667,0.6666666666666666
BLR-DEL,Air India,26395.333333333332,18399.0,17438.0,67171.0,12,190.0,0.08333333333333333
BLR-DEL,"Air India Express, Air India",28236.5,28236.5,25800.0,30673.0,2,552.5,1.0
BLR-GOI,IndiGo,13880.0,13327.5,11784.0,17081.0,4,75.0,0.0
BLR-GOI,Air India Express,13994.0,13994.0,13277.0,14711.0,2,72.5,0.0
BLR-HYD,Air India Express,12351.5,12775.5,9651.0,15399.0,6,129.16666666666666,0.16666666666666666
BLR-HYD,IndiGo,13083.363636363636,12387.0,9735.0,19290.0,11,119.54545454545455,0.2727272727272727
BLR-MAA,IndiGo,7932.0,7932.0,7932.0,7932.0,5,63.0,0.0
BLR-MAA,Air India Express,8266.0,8266.0,8266.0,8266.0,2,70.0,0.0
BLR-PNQ,Air India Express,11525.75,10133.5,9047.0,16789.0,4,97.5,0.0
BLR-PNQ,Akasa Air,11739.25,10620.5,9763.0,15953.0,4,96.25,0.0
BLR-PNQ,IndiGo,12029.9,10415.5,8977.0,17950.0,10,90.5,0.0
BOM-AMD,Air India,8973.666666666666,8658.5,8420.0,10520.0,6,79.16666666666667,0.0
BOM-AMD,IndiGo,9229.0,8774.0,8172.0,12001.0,12,83.75,0.0
BOM-AMD,Akasa Air,10037.0,10037.0,8928.0,11146.0,2,90.0,0.0
BOM-BLR,IndiGo,13482.615384615385,13116.0,12486.0,16686.0,13,115.38461538461539,0.0
BOM-BLR,Akasa Air,14160.42857142857,13078.0,12793.0,17262.0,7,119.28571428571429,0.0
BOM-BLR,Air India,14480.846153846154,12772.0,10477.0,34025.0,13,124.61538461538461,0.0
BOM-CCU,Akasa Air,18036.0,18036.0,16965.0,19107.0,2,172.5,0.0
BOM-CCU,IndiGo,18358.625,17930.5,17069.0,21831.0,8,208.125,0.25
BOM-CCU,Air India,18705.4,17415.0,17069.0,24559.0,5,177.0,0.0
BOM-COK,IndiGo,18810.4,18713.0,17226.0,21604.0,5,115.0,0.0
BOM-COK,Akasa Air,18975.0,18975.0,18975.0,18975.0,1,125.0,0.0
BOM-COK,Air India Express,19709.5,19381.5,18766.0,21309.0,4,120.0,0.0
BOM-COK,Air India,27719.666666666668,18746.0,18069.0,46344.0,3,390.0,0.3333333333333333
BOM-COK,"Air India, Air India Express",48303.5,48303.5,47396.0,49211.0,2,1112.5,1.0
BOM-DEL,Air India Express,13125.0,13125.0,13125.0,13125.0,2,137.5,0.0
BOM-DEL,Akasa Air,13335.4,13187.0,13187.0,13929.0,5,143.0,0.0
BOM-DEL,SpiceJet,15105.5,15105.5,13975.0,16236.0,2,152.5,0.0
BOM-DEL,Air India,16365.466666666667,12923.0,12655.0,23460.0,15,138.0,0.0
BOM-DEL,IndiGo,17214.81818181818,13389.0,12732.0,30768.0,11,190.45454545454547,0.36363636363636365
BOM-GOI,Air India Express,13189.5,13189.5,12403.0,13976.0,2,80.0,0.0
BOM-GOI,IndiGo,17656.833333333332,16433.0,13073.0,23701.0,6,75.83333333333333,0.0
BOM-GOI,Air India,21977.571428571428,19449.0,13107.0,36407.0,7,333.57142857142856,0.2857142857142857
BOM-GOI,"Air India, Air India Express",28953.0,28953.0,28953.0,28953.0,1,450.0,1.0
BOM-HYD,IndiGo,13173.0,12298.0,11983.0,16498.0,6,94.16666666666667,0.0
BOM-HYD,Air India,15739.42857142857,12339.0,11924.0,32489.0,7,155.0,0.14285714285714285
BOM-MAA,IndiGo,13981.0,13981.0,13981.0,13981.0,3,125.0,0.0
BOM-MAA,Akasa Air,14360.0,14360.0,14360.0,14360.0,1,125.0,0.0
BOM-MAA,Air India,14885.875,14393.0,13983.0,17447.0,8,130.625,0.0
BOM-MAA,"Air India, Air India Express",22599.0,22599.0,22360.0,22838.0,2,400.0,1.0
BOM-PNQ,Air India,24493.5,24453.0,24453.0,24615.0,4,326.25,1.0
BOM-PNQ,"Air India, Air India Express",24909.4,25188.0,23774.0,25590.0,5,409.0,1.0
CCU-AMD,IndiGo,17676.8,18013.0,13711.0,19801.0,5,265.0,0.4
CCU-AMD,Air India,21590.25,20893.0,19680.0,24797.0,8,580.0,1.0
CCU-BLR,IndiGo,18446.4375,18000.0,15976.0,23565.0,16,243.4375,0.5
CCU-BLR,Akasa Air,19534.0,19534.0,19324.0,19744.0,2,160.0,0.0
CCU-BLR,Air India Express,22961.25,20345.0,18785.0,32370.0,4,241.25,0.25
CCU-BOM,IndiGo,17985.125,18166.0,17173.0,18968.0,8,166.25,0.0
CCU-BOM,Akasa Air,17999.0,17834.5,17364.0,18963.0,4,160.0,0.0
CCU-BOM,Air India,19997.4,17514.0,17168.0,24312.0,5,186.0,0.0
CCU-COK,IndiGo,30519.0,30437.0,26994.0,34843.0,13,431.9230769230769,1.0
CCU-DEL,IndiGo,16554.1,16750.0,15376.0,17433.0,10,172.5,0.2
CCU-DEL,Air India,17192.0,17291.0,15983.0,17969.0,7,152.85714285714286,0.0
CCU-DEL,Akasa Air,17684.0,17684.0,17522.0,17846.0,2,140.0,0.0
CCU-DEL,SpiceJet,18151.0,18151.0,18151.0,18151.0,1,135.0,0.0
CCU-GOI,IndiGo,29944.571428571428,29136.0,28110.0,34433.0,7,390.0,0.8571428571428571
CCU-GOI,"Air India, Air India Express",31306.0,31306.0,31306.0,31306.0,1,535.0,1.0
CCU-GOI,Air India,36756.0,36070.0,28826.0,46058.0,4,726.25,1.0
CCU-HYD,IndiGo,21090.2,20361.0,18131.0,28026.0,10,194.0,0.3
CCU-HYD,Air India,21352.0,21352.0,20349.0,22355.0,2,340.0,1.0
CCU-HYD,Air India Express,34457.0,34457.0,34457.0,34457.0,1,300.0,1.0
CCU-MAA,IndiGo,15250.5,15319.0,13906.0,17163.0,10,234.5,0.5
CCU-MAA,Air India Express,17351.666666666668,16689.0,15889.0,19477.0,3,400.0,0.3333333333333333
CCU-MAA,Air India,30673.0,30673.0,30673.0,30673.0,1,710.0,1.0
CCU-PNQ,Akasa Air,16000.0,16000.0,16000.0,16000.0,1,165.0,0.0
CCU-PNQ,IndiGo,18724.090909090908,17462.0,14723.0,26609.0,11,322.27272727272725,0.6363636363636364
CCU-PNQ,Air India,21734.0,21734.0,20444.0,23024.0,2,345.0,1.0
COK-AMD,IndiGo,26182.0,26182.0,26182.0,26182.0,1,580.0,1.0
COK-BLR,Air India Express,15085.666666666666,14950.0,14272.0,16035.0,3,73.33333333333333,0.0
COK-BLR,IndiGo,15448.0,14650.0,11270.0,19735.0,8,75.0,0.0
COK-BOM,Akasa Air,16862.0,16862.0,16862.0,16862.0,1,140.0,0.0
COK-BOM,Air India Express,17566.6,16538.0,14632.0,20527.0,5,225.0,0.2
COK-BOM,IndiGo,17844.5,17255.0,15583.0,21560.0,6,150.0,0.16666666666666666
COK-BOM,Air India,20210.0,19698.5,16913.0,24530.0,4,146.25,0.0
COK-BOM,"Air India Express, Air India",30176.5,30176.5,29823.0,30530.0,2,602.5,1.0
COK-CCU,IndiGo,32011.0,32011.0,32011.0,32011.0,1,325.0,1.0
COK-DEL,IndiGo,24365.0,24434.0,23532.0,25121.0,7,253.57142857142858,0.42857142857142855
COK-DEL,Air India Express,28091.75,26659.5,23597.0,35451.0,4,311.25,0.25
COK-DEL,Air India,28183.333333333332,27365.0,25332.0,31657.0,6,238.33333333333334,0.16666666666666666
COK-DEL,"Air India Express, Air India",41662.0,41662.0,41662.0,41662.0,1,490.0,1.0
COK-GOI,IndiGo,20951.0,20951.0,20951.0,20951.0,1,580.0,1.0
COK-MAA,"Etihad, Akasa Air",72786.0,72786.0,72786.0,72786.0,1,990.0,1.0
COK-PNQ,IndiGo,17246.333333333332,15570.0,14929.0,21240.0,3,393.3333333333333,1.0
COK-PNQ,Air India Express,26270.0,26270.0,26270.0,26270.0,1,115.0,0.0
DEL-AMD,IndiGo,13417.333333333334,13725.5,11325.0,15101.0,6,92.5,0.0
DEL-AMD,Air India,15361.2,14652.5,11770.0,22281.0,10,99.5,0.0
DEL-BLR,Air India Express,17576.5,17576.5,17166.0,17987.0,2,175.0,0.0
DEL-BLR,Akasa Air,17787.428571428572,17436.0,17436.0,19224.0,7,175.71428571428572,0.0
DEL-BLR,IndiGo,17860.777777777777,17820.0,16878.0,19464.0,9,175.0,0.0
DEL-BLR,Air India,18099.928571428572,18077.0,16982.0,19554.0,14,172.5,0.0
DEL-BOM,IndiGo,12855.2,12771.0,12771.0,13139.0,10,137.0,0.0
DEL-BOM,Air India,12971.857142857143,12765.0,12655.0,14393.0,14,144.64285714285714,0.0
DEL-BOM,Air India Express,13012.333333333334,12956.0,12956.0,13125.0,3,146.66666666666666,0.0
DEL-BOM,Akasa Air,13841.8,13226.0,13226.0,14913.0,5,142.0,0.0
DEL-BOM,SpiceJet,25949.0,25949.0,25949.0,25949.0,2,160.0,0.0
DEL-CCU,IndiGo,17289.583333333332,17479.5,15717.0,18786.0,12,219.16666666666666,0.3333333333333333
DEL-CCU,Akasa Air,17989.5,17989.5,17740.0,18239.0,2,140.0,0.0
DEL-CCU,Air India,19593.166666666668,18153.0,17525.0,25868.0,6,138.33333333333334,0.0
DEL-CCU,SpiceJet,21609.0,21609.0,17002.0,26216.0,2,140.0,0.0
DEL-COK,Air India Express,25841.6,26058.0,24380.0,26869.0,5,424.0,0.6
DEL-COK,Air India,26161.5,25113.0,24187.0,29889.0,6,258.3333333333333,0.16666666666666666
DEL-COK,"Air India Express, Air India",29672.0,29672.0,29672.0,29672.0,1,550.0,1.0
DEL-COK,"Air India, Air India Express",30367.0,30367.0,30367.0,30367.0,1,485.0,1.0
DEL-COK,IndiGo,34201.5,34201.5,23804.0,44599.0,2,270.0,0.5
DEL-GOI,Air India Express,20612.333333333332,20039.0,19341.0,22457.0,3,386.6666666666667,0.3333333333333333
DEL-GOI,Air India,26499.8,25800.0,20506.0,31245.0,5,501.0,0.6
DEL-GOI,IndiGo,27355.428571428572,20879.0,18569.0,46819.0,7,257.85714285714283,0.42857142857142855
DEL-GOI,"Air India Express, Air India",31533.333333333332,29431.0,27902.0,37267.0,3,788.3333333333334,1.0
DEL-HYD,IndiGo,16578.88888888889,16799.0,15910.0,17275.0,9,202.22222222222223,0.3333333333333333
DEL-HYD,Air India,16935.166666666668,16997.0,16737.0,16997.0,6,140.0,0.0
DEL-HYD,Akasa Air,17483.0,17537.0,17375.0,17537.0,3,146.66666666666666,0.0
DEL-MAA,Air India,18939.875,18652.0,17902.0,21553.0,8,214.375,0.25
DEL-MAA,IndiGo,27311.85714285714,19130.0,19130.0,52632.0,7,247.85714285714286,0.42857142857142855
DEL-PNQ,IndiGo,15793.25,15458.0,14268.0,19166.0,8,125.625,0.0
DEL-PNQ,Air India Express,15936.0,14919.0,14919.0,17970.0,3,145.0,0.0
DEL-PNQ,Akasa Air,16183.5,16183.5,14624.0,17743.0,2,135.0,0.0
DEL-PNQ,SpiceJet,17143.0,17143.0,17143.0,17143.0,1,150.0,0.0
DEL-PNQ,Air India,17989.0,13966.0,13861.0,31397.0,8,132.5,0.0
GOI-AMD,Air India,29990.0,29990.0,29990.0,29990.0,1,620.0,1.0
GOI-BLR,IndiGo,11359.0,11359.0,11359.0,11359.0,1,80.0,0.0
GOI-BLR,Air India,36586.5,36586.5,32084.0,41089.0,2,532.5,1.0
GOI-BOM,IndiGo,13375.0,13375.0,12625.0,14125.0,2,402.5,1.0
GOI-BOM,Air India,21735.0,21735.0,21735.0,21735.0,1,100.0,0.0
GOI-CCU,IndiGo,30036.0,30036.0,30036.0,30036.0,1,625.0,1.0
GOI-CCU,Air India,32480.666666666668,32536.0,32084.0,32822.0,3,1031.6666666666667,1.0
GOI-COK,Air India,32988.0,32988.0,32988.0,32988.0,1,665.0,1.0
GOI-COK,"Air India, Air India Express",39623.666666666664,39273.0,38987.0,40611.0,3,1051.6666666666667,1.0
GOI-DEL,IndiGo,21103.0,21103.0,21103.0,21103.0,1,160.0,0.0
GOI-HYD,Air India,32392.5,32392.5,32345.0,32440.0,2,1070.0,1.0
GOI-MAA,Air India,31727.0,31727.0,31727.0,31727.0,1,685.0,1.0
HYD-AMD,IndiGo,19321.545454545456,15837.0,12693.0,30186.0,11,263.6363636363636,0.5454545454545454
HYD-BLR,Star Air,10931.0,10931.0,10931.0,10931.0,1,75.0,0.0
HYD-BLR,Air India Express,11185.333333333334,9942.5,8903.0,14529.0,6,82.5,0.0
HYD-BLR,IndiGo,11831.555555555555,11149.0,8612.0,16853.0,9,80.0,0.0
HYD-BOM,Air India,14408.333333333334,12248.0,11983.0,25475.0,6,115.0,0.0
HYD-BOM,IndiGo,16313.9,12880.0,12040.0,40712.0,10,139.0,0.2
HYD-CCU,IndiGo,20027.125,19521.0,17631.0,22671.0,8,170.625,0.25
HYD-COK,IndiGo,23970.0,24175.0,23295.0,24437.0,5,256.0,0.8
HYD-COK,Air India Express,28093.0,28093.0,28093.0,28093.0,1,620.0,1.0
HYD-COK,Air India,33730.5,34002.5,28493.0,41463.0,6,888.3333333333334,1.0
HYD-COK,"Air India, Air India Express",38094.333333333336,36309.0,34305.0,43669.0,3,933.3333333333334,1.0
HYD-DEL,IndiGo,17325.666666666668,17323.0,16262.0,19056.0,12,172.91666666666666,0.16666666666666666
HYD-DEL,Air India,17736.727272727272,17590.0,16685.0,19889.0,11,147.72727272727272,0.0
HYD-DEL,Akasa Air,18309.5,18309.5,17858.0,18761.0,2,142.5,0.0
HYD-GOI,IndiGo,13926.333333333334,14321.0,11779.0,16324.0,6,293.3333333333333,0.5
HYD-MAA,Air India Express,12154.4,11944.0,11944.0,12996.0,5,322.0,0.8
HYD-MAA,IndiGo,14330.2,14563.0,12630.0,15332.0,5,82.0,0.0
HYD-PNQ,Star Air,9200.0,9200.0,9200.0,9200.0,1,70.0,0.0
HYD-PNQ,IndiGo,11973.125,10643.5,9095.0,22535.0,8,140.625,0.125
MAA-AMD,IndiGo,22020.571428571428,18443.5,17076.0,34087.0,14,335.35714285714283,0.8571428571428571
MAA-AMD,Air India,29282.75,29999.5,18055.0,39077.0,4,517.5,1.0
MAA-BLR,Star Air,7646.0,7646.0,7646.0,7646.0,1,40.0,0.0
MAA-BLR,IndiGo,9241.0,8085.0,7932.0,12996.0,6,155.83333333333334,0.16666666666666666
MAA-BLR,Air India Express,15253.5,8266.0,8266.0,36216.0,4,193.75,0.25
MAA-BLR,Air India,36741.0,36741.0,35164.0,38318.0,2,1062.5,1.0
MAA-BOM,Akasa Air,14332.0,14332.0,14332.0,14332.0,1,125.0,0.0
MAA-BOM,IndiGo,14764.166666666666,14399.0,13981.0,16977.0,6,120.0,0.0
MAA-BOM,Air India,15369.57142857143,14522.0,13924.0,21767.0,7,137.14285714285714,0.0
MAA-CCU,Air India Express,19546.0,19039.0,15414.0,24185.0,3,150.0,0.0
MAA-CCU,IndiGo,21284.444444444445,17898.0,15394.0,50777.0,9,227.22222222222223,0.3333333333333333
MAA-COK,IndiGo,14747.833333333334,15022.5,13366.0,15031.0,6,184.16666666666666,0.3333333333333333
MAA-COK,Air India Express,19641.0,19641.0,17405.0,21877.0,2,365.0,1.0
MAA-COK,Air India,33181.0,33181.0,33181.0,33181.0,1,305.0,1.0
MAA-COK,Malaysia Airlines,242616.0,242616.0,242616.0,242616.0,1,695.0,1.0
MAA-DEL,Air India,22108.375,20792.0,19028.0,27622.0,8,176.25,0.0
MAA-DEL,IndiGo,25660.777777777777,21319.0,19846.0,41659.0,9,233.33333333333334,0.4444444444444444
MAA-GOI,IndiGo,16917.333333333332,16560.0,12077.0,22727.0,9,354.44444444444446,0.8888888888888888
MAA-GOI,Air India Express,25056.5,25056.5,22425.0,27688.0,2,377.5,1.0
MAA-HYD,Air India Express,11662.0,11662.0,11662.0,11662.0,1,85.0,0.0
MAA-HYD,IndiGo,13204.666666666666,13313.0,12499.0,13840.0,9,133.33333333333334,0.3333333333333333
MAA-HYD,Air India,35354.5,35354.5,32440.0,38269.0,2,977.5,1.0
MAA-PNQ,IndiGo,12036.09090909091,11289.0,9830.0,16434.0,11,204.0909090909091,0.45454545454545453
MAA-PNQ,Air India Express,19302.0,19302.0,19302.0,19302.0,1,100.0,0.0
PNQ-AMD,IndiGo,8560.5,8730.0,7066.0,9691.0,6,113.33333333333333,0.16666666666666666
PNQ-AMD,Akasa Air,8961.333333333334,9280.0,7533.0,10071.0,3,85.0,0.0
PNQ-BLR,IndiGo,9407.57142857143,9308.0,8977.0,10270.0,7,100.71428571428571,0.0
PNQ-BLR,Akasa Air,9566.5,9432.0,9278.0,10124.0,4,106.25,0.0
PNQ-BLR,Air India Express,11969.666666666666,9199.0,9199.0,23018.0,6,161.66666666666666,0.16666666666666666
PNQ-CCU,IndiGo,14630.777777777777,14834.0,13854.0,15114.0,9,333.3333333333333,0.5555555555555556
PNQ-CCU,Akasa Air,14799.0,14799.0,14799.0,14799.0,1,170.0,0.0
PNQ-CCU,Air India,19815.0,19815.0,19815.0,19815.0,1,410.0,1.0
PNQ-CCU,Air India Express,29169.0,29169.0,29169.0,29169.0,1,300.0,1.0
PNQ-COK,IndiGo,15599.0,15553.0,13509.0,17430.0,8,327.5,0.875
PNQ-COK,Air India Express,17579.666666666668,17496.0,16428.0,18815.0,3,371.6666666666667,0.6666666666666666
PNQ-COK,Air India,51122.0,51122.0,50740.0,51504.0,2,1187.5,1.0
PNQ-COK,"Air India, Air India Express",51361.0,51361.0,50453.0,52269.0,2,1227.5,1.0
PNQ-DEL,SpiceJet,14588.0,14588.0,14588.0,14588.0,1,155.0,0.0
PNQ-DEL,IndiGo,15890.111111111111,14723.0,13894.0,19297.0,9,229.44444444444446,0.2222222222222222
PNQ-DEL,Akasa Air,15902.75,14934.0,14599.0,19144.0,4,142.5,0.0
PNQ-DEL,Air India Express,18971.0,18971.0,14471.0,23471.0,2,150.0,0.0
PNQ-DEL,Air India,20241.0,13892.0,13861.0,31732.0,7,145.71428571428572,0.0
PNQ-GOI,IndiGo,20489.2,19323.0,19323.0,24460.0,5,276.0,0.8
PNQ-GOI,Air India Express,27597.666666666668,26784.0,24778.0,31231.0,3,506.6666666666667,1.0
PNQ-GOI,"Air India, Air India Express",42331.0,42331.0,42331.0,42331.0,1,565.0,1.0
PNQ-GOI,Air India,45791.0,45791.0,43856.0,47726.0,2,1080.0,1.0
PNQ-HYD,Star Air,9910.5,9910.5,8940.0,10881.0,2,70.0,0.0
PNQ-HYD,IndiGo,10162.166666666666,9961.0,9095.0,11457.0,6,81.66666666666667,0.0
PNQ-MAA,IndiGo,11149.0,10801.0,9830.0,13480.0,7,220.71428571428572,0.42857142857142855
PNQ-MAA,Air India Express,14266.0,14266.0,11951.0,16581.0,2,687.5,0.5
