outbound_date,route,average_fare,median_fare,minimum_fare,maximum_fare,fare_std,observations,airlines,fare_range,volatility_pct,fare_change_pct
2026-09-12,AMD-BLR,27577.333333333332,27324.0,19025.0,36383.0,8681.772534070064,3,2,17358.0,31.481552001897928,
2026-09-13,AMD-BLR,16437.615384615383,15915.0,15903.0,17861.0,707.8513895893618,13,2,1958.0,4.306290012430076,-40.39447111897917
2026-09-12,AMD-BOM,11795.0,11793.0,11738.0,11854.0,58.02585630561603,3,2,116.0,0.49195299962370526,
2026-09-13,AMD-BOM,9363.92857142857,9337.5,8382.0,10909.0,705.1587343707375,14,3,2527.0,7.530586430596381,-20.61103373099983
2026-09-12,AMD-CCU,25774.333333333332,22023.0,17178.0,38122.0,10964.358637573534,3,2,20944.0,42.539834089107515,
2026-09-13,AMD-CCU,17157.75,17732.5,14341.0,18825.0,1970.159955435091,4,1,4484.0,11.482624210255372,-33.43086791769589
2026-09-12,AMD-COK,27479.666666666668,23572.0,23517.0,35350.0,6815.9640795219375,3,1,11833.0,24.80366360407794,
2026-09-13,AMD-COK,22874.25,22997.5,20925.0,25072.0,1379.7980959960357,8,1,4147.0,6.032102018628089,-16.759361467266707
2026-09-12,AMD-DEL,15542.333333333334,14947.0,14685.0,16995.0,1264.8483440054513,3,2,2310.0,8.138085298252843,
2026-09-13,AMD-DEL,14011.933333333332,12002.0,11154.0,37611.0,6676.248513163946,15,2,26457.0,47.646876090122795,-9.846655371351376
2026-09-12,AMD-GOI,28503.5,28968.0,20125.0,42449.0,7063.983396680051,8,3,22324.0,24.782863145508625,
2026-09-13,AMD-GOI,15775.857142857143,15337.0,13298.0,21376.0,2657.6153113001783,7,1,8078.0,16.846091386568308,-44.652912298990856
2026-09-12,AMD-HYD,25327.2,26369.0,18849.0,32746.0,6066.659764648089,5,2,13897.0,23.953140357592186,
2026-09-13,AMD-HYD,15231.8,14570.0,13777.0,21495.0,2248.872942411623,10,3,7718.0,14.764328197662937,-39.859913452730666
2026-09-12,AMD-MAA,26292.0,22979.0,20043.0,35854.0,8410.047978460052,3,1,15811.0,31.98709865533262,
2026-09-13,AMD-MAA,16819.0,16818.0,16049.0,18254.0,742.4178646249602,8,1,2205.0,4.414161749360606,-36.02997109386886
2026-09-12,AMD-PNQ,17992.333333333332,17767.0,13471.0,22739.0,4638.107085151585,3,2,9268.0,25.77824120542964,
2026-09-13,AMD-PNQ,13757.555555555555,11426.0,9676.0,24965.0,5630.876666006616,9,4,15289.0,40.9293398327057,-23.536568044413976
2026-09-12,BLR-AMD,24947.8,24865.0,17960.0,34491.0,6077.222449441851,5,2,16531.0,24.35975296195196,
2026-09-13,BLR-AMD,17660.9,17096.0,15211.0,25763.0,2961.8844770779892,10,4,10552.0,16.770858093743747,-29.20858753076423
2026-09-12,BLR-BOM,20649.375,17504.5,13034.0,32314.0,7596.134542130152,8,3,19280.0,36.786268553552596,
2026-09-13,BLR-BOM,14283.0,14132.5,13396.0,17308.0,782.0926777062549,24,3,3912.0,5.475689124877511,-30.83083628439117
2026-09-12,BLR-CCU,25515.333333333332,27432.0,21195.0,27919.0,3749.433601670169,3,2,6724.0,14.694825079051169,
2026-09-13,BLR-CCU,19009.619047619046,18261.0,16480.0,24501.0,2298.004100870806,21,3,8021.0,12.088638363106128,-25.49727334823878
2026-09-12,BLR-COK,15617.0,15617.0,15617.0,15617.0,0.0,1,1,0.0,0.0,
2026-09-13,BLR-COK,40403.7,12543.0,11569.0,281760.0,84843.2212666398,10,3,270191.0,209.9887417900831,158.7161426650445
2026-09-12,BLR-DEL,35117.77777777778,27803.0,19171.0,67171.0,16036.50916485394,9,4,48000.0,45.66493149518618,
2026-09-13,BLR-DEL,18750.727272727272,18085.5,17335.0,29991.0,2647.8873552112145,22,4,12656.0,14.121518150725478,-46.60616798881686
2026-09-13,BLR-GOI,13918.0,13971.5,11784.0,17081.0,1993.930791176063,6,2,5297.0,14.326273826527252,
2026-09-12,BLR-HYD,15838.666666666666,14767.0,13459.0,19290.0,3059.655590639792,3,2,5831.0,19.317633580098022,
2026-09-13,BLR-HYD,12179.285714285714,12239.5,9651.0,15730.0,2012.2722490745637,14,2,6079.0,16.522087553248426,-23.10409726648467
2026-09-12,BLR-MAA,8099.0,8099.0,7932.0,8266.0,236.17366491630688,2,2,334.0,2.9160842686295454,
2026-09-13,BLR-MAA,7998.8,7932.0,7932.0,8266.0,149.3693408969859,5,2,334.0,1.867396870742935,-1.2371897765156126
2026-09-12,BLR-PNQ,16668.4,16325.0,15953.0,17950.0,775.3526939399896,5,3,1997.0,4.651632393870974,
2026-09-13,BLR-PNQ,10001.307692307691,9860.0,8977.0,11775.0,834.666938027318,13,3,2798.0,8.345578035453158,-39.99839401317649
2026-09-12,BOM-AMD,10831.0,10531.0,9957.0,12001.0,777.6120498037566,5,3,2044.0,7.17950373745505,
2026-09-13,BOM-AMD,8700.6,8536.0,8172.0,9432.0,391.21747696864816,15,3,1260.0,4.496442509351632,-19.669467269873508
2026-09-12,BOM-BLR,19484.5,16584.5,16056.0,34025.0,7134.505918422102,6,3,17969.0,36.61631511417846,
2026-09-13,BOM-BLR,12805.222222222223,12793.0,10477.0,14009.0,809.062008336403,27,3,3532.0,6.318219194449857,-34.27995472184443
2026-09-12,BOM-CCU,24559.0,24559.0,24559.0,24559.0,0.0,1,1,0.0,0.0,
2026-09-13,BOM-CCU,17993.5,17415.0,16965.0,21831.0,1334.1829969051364,14,3,4866.0,7.4148053291751825,-26.733580357506415
2026-09-12,BOM-COK,37172.8,46344.0,21309.0,49211.0,14383.937837045876,5,4,27902.0,38.69479252853128,
2026-09-13,BOM-COK,18576.7,18756.0,17226.0,19793.0,728.9813364475723,10,4,2567.0,3.924170258698113,-50.02609434855594
2026-09-12,BOM-DEL,22242.2,21212.5,13389.0,30768.0,5386.951102226357,10,2,17379.0,24.219506623564023,
2026-09-13,BOM-DEL,13422.44,12923.0,12655.0,19233.0,1416.7095115089744,25,5,6578.0,10.554783716738344,-39.653271708733854
2026-09-12,BOM-GOI,29371.25,29607.5,21863.0,36407.0,5967.801514516604,4,3,14544.0,20.31851390225681,
2026-09-13,BOM-GOI,16469.25,15342.0,12403.0,23911.0,3931.0344260882416,12,3,11508.0,23.868934080715526,-43.927309869345024
2026-09-12,BOM-HYD,19998.0,16762.5,13978.0,32489.0,8432.918079368097,4,2,18511.0,42.16880727756824,
2026-09-13,BOM-HYD,12135.777777777777,12029.0,11924.0,12339.0,176.62302920186949,9,2,415.0,1.4553910959484586,-39.315042615372654
2026-09-12,BOM-MAA,16893.0,16893.0,16339.0,17447.0,783.4743135546946,2,1,1108.0,4.637863692385571,
2026-09-13,BOM-MAA,15566.833333333334,14171.5,13981.0,22838.0,3293.2582327960226,12,4,8857.0,21.155607966484443,-7.850391680972391
2026-09-13,BOM-PNQ,24724.555555555555,24453.0,23774.0,25590.0,602.8434936015963,9,2,1816.0,2.4382379381785837,
2026-09-12,CCU-AMD,21508.0,21342.0,20062.0,23120.0,1535.743468161268,3,1,3058.0,7.140336005957169,
2026-09-13,CCU-AMD,19658.2,19740.5,13711.0,24797.0,2969.7626841214096,10,2,11086.0,15.10699191238979,-8.600520736470152
2026-09-12,CCU-BLR,21252.75,21330.5,18785.0,23565.0,2343.9528401114785,4,3,4780.0,11.028939031944,
2026-09-13,CCU-BLR,18946.944444444445,18367.5,15976.0,32370.0,3734.7095244511506,18,3,16394.0,19.711408007776306,-10.849445627297904
2026-09-12,CCU-BOM,20747.666666666668,18968.0,18963.0,24312.0,3086.8042265963886,3,3,5349.0,14.87783795734326,
2026-09-13,CCU-BOM,18115.785714285714,17708.5,17168.0,23547.0,1616.4791834568903,14,3,6379.0,8.923042085788031,-12.68519007300879
2026-09-12,CCU-COK,31666.0,31666.0,31666.0,31666.0,0.0,1,1,0.0,0.0,
2026-09-13,CCU-COK,30423.416666666668,30401.0,26994.0,34843.0,2265.452973301901,12,1,7849.0,7.446412078312157,-3.924029979578514
2026-09-12,CCU-DEL,17244.5,17314.5,16503.0,17846.0,625.2372882887478,4,3,1343.0,3.625720016751705,
2026-09-13,CCU-DEL,16901.625,17125.5,15376.0,18151.0,861.9202495977614,16,4,2775.0,5.099629471117489,-1.9883151149641898
2026-09-12,CCU-GOI,36891.5,36341.0,28826.0,46058.0,8172.832291602873,4,2,17232.0,22.153700152075338,
2026-09-13,CCU-GOI,30047.0,29691.0,28110.0,34433.0,2183.542011110781,8,2,6323.0,7.267088265420112,-18.553054226583356
2026-09-12,CCU-HYD,22513.0,22513.0,22355.0,22671.0,223.44574285494903,2,2,316.0,0.9925187351972151,
2026-09-13,CCU-HYD,22094.272727272728,20361.0,18131.0,34457.0,4912.094728136034,11,3,16326.0,22.23243457148351,-1.8599354716264949
2026-09-12,CCU-MAA,21947.666666666668,19477.0,15693.0,30673.0,7789.624210020233,3,3,14980.0,35.49181026086402,
2026-09-13,CCU-MAA,15399.09090909091,15693.0,13906.0,17163.0,1081.5542940181474,11,2,3257.0,7.023494441348143,-29.83722988431158
2026-09-12,CCU-PNQ,22455.4,23024.0,18732.0,26609.0,2943.721505169944,5,2,7877.0,13.109192021384361,
2026-09-13,CCU-PNQ,17017.333333333332,16700.0,14723.0,20444.0,2006.2557788078768,9,3,5721.0,11.789483930940278,-24.217189035451025
2026-09-12,COK-AMD,26182.0,26182.0,26182.0,26182.0,0.0,1,1,0.0,0.0,
2026-09-12,COK-BLR,12939.0,12939.0,12939.0,12939.0,0.0,1,1,0.0,0.0,
2026-09-13,COK-BLR,15590.2,14800.0,11270.0,19735.0,2637.8715241227687,10,2,8465.0,16.920062116732105,20.489991498570227
2026-09-12,COK-BOM,22520.833333333332,21807.0,14632.0,30530.0,6584.5461625435255,6,4,15898.0,29.237577780026758,
2026-09-13,COK-BOM,18152.5,17128.0,15583.0,24530.0,2574.4280741731545,12,4,8947.0,14.182223242931578,-19.396854764107307
2026-09-12,COK-CCU,32011.0,32011.0,32011.0,32011.0,0.0,1,1,0.0,0.0,
2026-09-12,COK-DEL,30229.8,26139.0,23597.0,41662.0,7966.293598656781,5,4,18065.0,26.352452211581884,
2026-09-13,COK-DEL,26348.846153846152,25332.0,23532.0,31657.0,2696.561509470714,13,3,8125.0,10.23407815934701,-12.838172419777328
2026-09-12,COK-GOI,20951.0,20951.0,20951.0,20951.0,0.0,1,1,0.0,0.0,
2026-09-12,COK-MAA,72786.0,72786.0,72786.0,72786.0,0.0,1,1,0.0,0.0,
2026-09-12,COK-PNQ,19502.25,18405.0,14929.0,26270.0,5329.14692203796,4,2,11341.0,27.325805596984758,
2026-09-12,DEL-AMD,13020.333333333334,13303.0,12358.0,13400.0,575.6442767311538,3,2,1042.0,4.421117816219404,
2026-09-13,DEL-AMD,15004.23076923077,15101.0,11325.0,22281.0,3042.132260817681,13,2,10956.0,20.27516310303753,15.236917405320671
2026-09-12,DEL-BLR,17358.25,17436.0,16878.0,17820.0,296.7908113710493,8,3,942.0,1.7097968480177972,
2026-09-13,DEL-BLR,18122.708333333332,18047.5,16878.0,19554.0,836.385207652377,24,4,2676.0,4.615122597950787,4.4040057801525645
2026-09-12,DEL-BOM,14203.181818181818,12923.0,12655.0,25949.0,3933.641641486469,11,5,13294.0,27.695495923673413,
2026-09-13,DEL-BOM,13655.08695652174,12929.0,12655.0,25949.0,2734.8028001541943,23,5,13294.0,20.027721601934132,-3.8589582860824145
2026-09-12,DEL-CCU,17705.333333333332,17486.0,17002.0,18628.0,834.8948037527448,3,3,1626.0,4.715498929245867,
2026-09-13,DEL-CCU,18479.736842105263,17740.0,15717.0,26216.0,2882.0873963559675,19,4,10499.0,15.595933107603885,4.3738431476688655
2026-09-12,DEL-COK,30234.428571428572,29672.0,24187.0,44599.0,6734.663957395917,7,5,20412.0,22.274818065389702,
2026-09-13,DEL-COK,25372.25,25031.0,23804.0,28391.0,1516.9082042101295,8,3,4587.0,5.978611294662986,-16.08159572105594
2026-09-12,DEL-GOI,32757.11111111111,30673.0,22457.0,46819.0,8087.850942068055,9,4,24362.0,24.690366969890338,
2026-09-13,DEL-GOI,20623.333333333332,20459.0,18569.0,24275.0,1610.9847919828421,9,3,5706.0,7.811466584691332,-37.04166016539242
2026-09-12,DEL-HYD,16838.0,16799.0,16120.0,17537.0,510.17840016997974,5,3,1417.0,3.0299227946904606,
2026-09-13,DEL-HYD,16852.30769230769,16886.0,15910.0,17537.0,480.6139102951881,13,3,1627.0,2.8519174885144447,0.08497263515674369
2026-09-12,DEL-MAA,31105.0,21553.0,19130.0,52632.0,18682.251711182995,3,2,33502.0,60.061892657717394,
2026-09-13,DEL-MAA,20782.25,18934.0,17902.0,42254.0,6778.305340972371,12,2,24352.0,32.61583967555183,-33.186786690242734
2026-09-12,DEL-PNQ,22306.6,21332.0,17970.0,31397.0,5307.129525459126,5,3,13427.0,23.791745606498193,
2026-09-13,DEL-PNQ,15061.35294117647,14624.0,13861.0,17743.0,1278.5239996367131,17,5,3882.0,8.48877258656715,-32.48028412587991
2026-09-12,GOI-AMD,29990.0,29990.0,29990.0,29990.0,0.0,1,1,0.0,0.0,
2026-09-12,GOI-BLR,28177.333333333332,32084.0,11359.0,41089.0,15245.155241365479,3,2,29730.0,54.10432229699575,
2026-09-12,GOI-BOM,16161.666666666666,14125.0,12625.0,21735.0,4884.570946698731,3,2,9110.0,30.223188285235008,
2026-09-12,GOI-CCU,31869.5,32310.0,30036.0,32822.0,1259.5251750825255,4,2,2786.0,3.9521334664256593,
2026-09-12,GOI-COK,37964.75,39130.0,32988.0,40611.0,3392.501179071277,4,2,7623.0,8.935923926988263,
2026-09-12,GOI-DEL,21103.0,21103.0,21103.0,21103.0,0.0,1,1,0.0,0.0,
2026-09-12,GOI-HYD,32392.5,32392.5,32345.0,32440.0,67.17514421272202,2,1,95.0,0.2073786963424312,
2026-09-12,GOI-MAA,31727.0,31727.0,31727.0,31727.0,0.0,1,1,0.0,0.0,
2026-09-12,HYD-AMD,27763.75,29829.0,21211.0,30186.0,4374.12851320123,4,1,8975.0,15.7548188310341,
2026-09-13,HYD-AMD,14497.42857142857,14491.0,12693.0,15837.0,1353.3508854128029,7,1,3144.0,9.335109869621826,-47.78288750104517
2026-09-12,HYD-BLR,15232.25,14773.5,14529.0,16853.0,1104.8159348959446,4,2,2324.0,7.253136830710792,
2026-09-13,HYD-BLR,10299.833333333334,10091.0,8612.0,13104.0,1428.9997031193361,12,3,4492.0,13.87400802394216,-32.381405679835
2026-09-12,HYD-BOM,24849.75,22194.0,14299.0,40712.0,11526.277785275408,4,2,26413.0,46.38387824938041,
2026-09-13,HYD-BOM,12515.833333333334,12379.0,11983.0,14035.0,574.4698478254593,12,2,2052.0,4.589944852457228,-49.6339668071778
2026-09-12,HYD-CCU,22671.0,22671.0,22671.0,22671.0,0.0,1,1,0.0,0.0,
2026-09-13,HYD-CCU,19649.428571428572,19521.0,17631.0,22146.0,1549.0004150142402,7,1,4515.0,7.883183011574077,-13.327914201276647
2026-09-12,HYD-COK,35869.0,34706.5,28093.0,43669.0,4824.329975684263,8,3,15576.0,13.449859142112308,
2026-09-13,HYD-COK,25379.571428571428,24437.0,23295.0,29314.0,2458.208958919947,7,2,6019.0,9.685778051210832,-29.24371622132921
2026-09-12,HYD-DEL,18641.0,18758.5,17428.0,19889.0,892.2309118159936,6,2,2461.0,4.786389742052431,
2026-09-13,HYD-DEL,17251.842105263157,17218.0,16262.0,18761.0,685.9104463054013,19,3,2499.0,3.9758678645461587,-7.452164018758889
2026-09-12,HYD-GOI,16324.0,16324.0,16324.0,16324.0,0.0,1,1,0.0,0.0,
2026-09-13,HYD-GOI,13446.8,14321.0,11779.0,14509.0,1298.486503587927,5,1,2730.0,9.656472198500216,-17.625581965204606
2026-09-12,HYD-MAA,15332.0,15332.0,15332.0,15332.0,0.0,1,1,0.0,0.0,
2026-09-13,HYD-MAA,13010.111111111111,12630.0,11944.0,14563.0,1220.9344212983392,9,2,2619.0,9.384504181948273,-15.144070498883956
2026-09-12,HYD-PNQ,22535.0,22535.0,22535.0,22535.0,0.0,1,1,0.0,0.0,
2026-09-13,HYD-PNQ,10306.25,10486.0,9095.0,11457.0,796.2884886414327,8,2,2362.0,7.726267931026635,-54.26558686487686
2026-09-12,MAA-AMD,33113.5,33910.0,20778.0,39077.0,6451.105261891174,6,2,18299.0,19.481798245099956,
2026-09-13,MAA-AMD,18894.833333333332,17898.0,17076.0,23714.0,2069.8804898892686,12,2,6638.0,10.954743306667265,-42.939183917938806
2026-09-12,MAA-BLR,26622.0,35164.0,10416.0,38318.0,13694.061924790614,5,3,27902.0,51.438892362672284,
2026-09-13,MAA-BLR,8059.75,8085.0,7646.0,8266.0,232.85173087488212,8,3,620.0,2.889068902569957,-69.72522725565322
2026-09-12,MAA-BOM,19372.0,19372.0,16977.0,21767.0,3387.0414818835625,2,2,4790.0,17.484211655397285,
2026-09-13,MAA-BOM,14313.333333333334,14365.5,13924.0,14848.0,339.61350581702965,12,3,924.0,2.372707306593127,-26.113290660059185
2026-09-12,MAA-CCU,30953.333333333332,24185.0,17898.0,50777.0,17453.220686547607,3,2,32879.0,56.38559343058671,
2026-09-13,MAA-CCU,17482.0,17058.0,15394.0,19852.0,1699.010594434302,9,2,4458.0,9.718628271561046,-43.521430109842775
2026-09-12,MAA-COK,13366.0,13366.0,13366.0,13366.0,0.0,1,1,0.0,0.0,
2026-09-13,MAA-COK,43355.555555555555,15031.0,15014.0,242616.0,74963.60355884566,9,4,227602.0,172.90426243711195,224.37195537599547
2026-09-12,MAA-DEL,28743.6,27622.0,21474.0,41659.0,7644.414647309499,5,2,20185.0,26.595188658725768,
2026-09-13,MAA-DEL,22008.0,20371.5,19028.0,41292.0,6124.808969191685,12,2,22264.0,27.82992079785389,-23.433390389512788
2026-09-12,MAA-GOI,22727.0,22727.0,22727.0,22727.0,0.0,1,1,0.0,0.0,
2026-09-13,MAA-GOI,17964.2,17587.0,12077.0,27688.0,4632.234661106404,10,2,15611.0,25.78592234057962,-20.956571478857743
2026-09-12,MAA-HYD,22389.8,13840.0,13560.0,38269.0,12013.73215116768,5,2,24709.0,53.65716599151257,
2026-09-13,MAA-HYD,12752.0,12722.0,11662.0,13313.0,605.5955746205547,7,2,1651.0,4.7490242677270595,-43.04549393027182
2026-09-12,MAA-PNQ,15734.0,15185.0,13264.0,19302.0,2741.9170908934016,4,2,6038.0,17.426700717512404,
2026-09-13,MAA-PNQ,11095.375,11113.0,9830.0,12075.0,674.2053391109527,8,1,2245.0,6.076453829734936,-29.481536799288165
2026-09-12,PNQ-AMD,9881.0,9881.0,9691.0,10071.0,268.70057685088807,2,2,380.0,2.719366226605486,
2026-09-13,PNQ-AMD,8355.0,8630.0,7066.0,9280.0,825.3413435260182,7,2,2214.0,9.87841225046102,-15.44378099382654
2026-09-12,PNQ-BLR,13180.0,10197.0,9308.0,23018.0,6572.312226302096,4,3,13710.0,49.86579837861985,
2026-09-13,PNQ-BLR,9478.23076923077,9199.0,8977.0,12004.0,797.6650460193334,13,3,3027.0,8.41575886302323,-28.0862612349714
2026-09-12,PNQ-CCU,14728.0,14728.0,14342.0,15114.0,545.8864350760147,2,1,772.0,3.706453252824651,
2026-09-13,PNQ-CCU,16600.4,14873.5,13854.0,29169.0,4719.500708055179,10,4,15315.0,28.43004209570359,12.713199348180337
2026-09-12,PNQ-COK,43695.0,50740.0,13509.0,52269.0,16889.280194845487,5,3,38760.0,38.652660933391665,
2026-09-13,PNQ-COK,16402.2,15820.5,15553.0,18815.0,1144.0408695108365,10,2,3262.0,6.974923299989248,-62.462066598008924
2026-09-12,PNQ-DEL,23144.75,21384.0,18221.0,31732.0,5080.648545496641,8,4,13511.0,21.95162421498025,
2026-09-13,PNQ-DEL,14378.733333333334,14408.0,13861.0,15269.0,473.1773250615261,15,5,1408.0,3.2908136905535916,-37.87475201359559
2026-09-12,PNQ-GOI,44637.666666666664,43856.0,42331.0,47726.0,2781.1433500151225,3,2,5395.0,6.2304855018148855,
2026-09-13,PNQ-GOI,23154.875,22238.5,19323.0,31231.0,4417.955035582477,8,2,11908.0,19.08002109958476,-48.127048904886
2026-09-12,PNQ-HYD,10355.5,10355.5,9830.0,10881.0,743.1692270270614,2,2,1051.0,7.176565371320182,
2026-09-13,PNQ-HYD,10013.833333333334,9934.5,8940.0,11457.0,963.7222456012241,6,2,2517.0,9.623909381368016,-3.299373923679838
2026-09-12,PNQ-MAA,12896.0,12896.0,12312.0,13480.0,825.9007204258875,2,1,1168.0,6.404317000821087,
2026-09-13,PNQ-MAA,11540.42857142857,10801.0,9830.0,16581.0,2316.35661165999,7,2,6751.0,20.07166889273725,-10.511565047855376
