id,origin,destination,outbound_date,return_date,currency,searched_at,serpapi_search_id
1,BLR,DEL,2026-09-12,2026-09-19,INR,2026-09-12 18:34:35.709017,6aa54d840e4be0c388db1297
2,BLR,BOM,2026-09-12,2026-09-19,INR,2026-09-12 18:34:37.328775,6aa54d8cd0a88f65d7aaa150
3,BLR,HYD,2026-09-12,2026-09-19,INR,2026-09-12 18:34:39.475106,6aa54d95ad9ecfcc84eb3468
4,BLR,MAA,2026-09-12,2026-09-19,INR,2026-09-12 18:34:41.257708,6aa54d98868180be543e0e24
5,BLR,CCU,2026-09-12,2026-09-19,INR,2026-09-12 18:34:42.991003,6aa54d9d2713322c45a5b311
6,BLR,PNQ,2026-09-12,2026-09-19,INR,2026-09-12 18:34:44.777063,6aa54da680a0782768dc5fef
7,BLR,AMD,2026-09-12,2026-09-19,INR,2026-09-12 18:34:46.812546,6aa54dab13f4b6fdec085c76
8,BLR,COK,2026-09-12,2026-09-19,INR,2026-09-12 18:34:48.626548,6aa54db46c3283cdb02f25ba
9,BLR,GOI,2026-09-12,2026-09-19,INR,2026-09-12 18:34:50.52148,6aa54dc24fa3ba475a4d7d75
10,DEL,BLR,2026-09-12,2026-09-19,INR,2026-09-12 18:34:52.610208,6aa54dcb703f1768fd933e0d
11,DEL,BOM,2026-09-12,2026-09-19,INR,2026-09-12 18:34:54.924062,6aa54dce0558c0f58c6bb19a
12,DEL,HYD,2026-09-12,2026-09-19,INR,2026-09-12 18:34:57.026429,6aa54dd47d6e7075c8c467fe
13,DEL,MAA,2026-09-12,2026-09-19,INR,2026-09-12 18:34:59.338816,6aa54dd7bb48ad565646f89f
14,DEL,CCU,2026-09-12,2026-09-19,INR,2026-09-12 18:35:01.57768,6aa54ddb5c9301b29c72b7ad
15,DEL,PNQ,2026-09-12,2026-09-19,INR,2026-09-12 18:35:03.464049,6aa54de3bcd927d23ea8e8d6
31,DEL,AMD,2026-09-12,2026-09-19,INR,2026-09-12 18:35:12.760641,6aa54e0aa8dce66d13e81400
32,DEL,COK,2026-09-12,2026-09-19,INR,2026-09-12 18:35:21.949828,6aa54e136539a29d59dc097d
33,DEL,GOI,2026-09-12,2026-09-19,INR,2026-09-12 18:35:33.444896,6aa54e1c48c791a2cf68b23f
34,BOM,BLR,2026-09-12,2026-09-19,INR,2026-09-12 18:35:37.613873,6aa54e2849579a5b9e6d6fc5
35,BOM,DEL,2026-09-12,2026-09-19,INR,2026-09-12 18:35:41.717972,6aa54e2cdd2e161f3182bbec
36,BOM,HYD,2026-09-12,2026-09-19,INR,2026-09-12 18:35:49.904377,6aa54e30a89e02ad541f8201
37,BOM,MAA,2026-09-12,2026-09-19,INR,2026-09-12 18:35:59.331699,6aa54e386539a29d5d6fa001
38,BOM,CCU,2026-09-12,2026-09-19,INR,2026-09-12 18:36:08.135992,6aa54e42badf0b272fcc9ba8
39,BOM,AMD,2026-09-12,2026-09-19,INR,2026-09-12 18:36:31.114418,6aa54e5c71b49226f2a6a88d
40,BOM,COK,2026-09-12,2026-09-19,INR,2026-09-12 18:36:41.131076,6aa54e618c60cacdb5fccf13
41,BOM,GOI,2026-09-12,2026-09-19,INR,2026-09-12 18:36:51.083842,6aa54e6bad9ecfcc5095a5d6
42,HYD,BLR,2026-09-12,2026-09-19,INR,2026-09-12 18:36:55.036778,6aa54e76484c09b0c60b81e1
43,HYD,DEL,2026-09-12,2026-09-19,INR,2026-09-12 18:36:58.131598,6aa54e79217ade809a5aff7b
44,HYD,BOM,2026-09-12,2026-09-19,INR,2026-09-12 18:37:06.500685,6aa54e7c13f4b6fe0a1b8505
45,HYD,MAA,2026-09-12,2026-09-19,INR,2026-09-12 18:37:20.12463,6aa54e8503610aa9b1403793
46,HYD,CCU,2026-09-12,2026-09-19,INR,2026-09-12 18:37:24.417031,6aa54e936feec4b74ceb8321
47,HYD,PNQ,2026-09-12,2026-09-19,INR,2026-09-12 18:37:38.097075,6aa54e97c29c3decba73a387
48,HYD,AMD,2026-09-12,2026-09-19,INR,2026-09-12 18:37:41.319648,6aa54ea5c75443e62d98b2cf
49,HYD,COK,2026-09-12,2026-09-19,INR,2026-09-12 18:37:52.728807,6aa54ea8392e0b66433d79b7
50,HYD,GOI,2026-09-12,2026-09-19,INR,2026-09-12 18:37:57.308415,6aa54eb39f8abcaf7ef4fb3b
51,MAA,BLR,2026-09-12,2026-09-19,INR,2026-09-12 18:38:10.652113,6aa54eb8018c482a005933e1
52,MAA,DEL,2026-09-12,2026-09-19,INR,2026-09-12 18:38:15.625167,6aa54ec5c986affa115695cb
53,MAA,BOM,2026-09-12,2026-09-19,INR,2026-09-12 18:38:20.03058,6aa54eca71a41d9b2dde3188
54,MAA,HYD,2026-09-12,2026-09-19,INR,2026-09-12 18:38:33.443199,6aa54ece48c791a2f71c49f2
55,MAA,CCU,2026-09-12,2026-09-19,INR,2026-09-12 18:38:37.986115,6aa54edceb55a3bbcf0b8141
56,MAA,PNQ,2026-09-12,2026-09-19,INR,2026-09-12 18:38:45.753617,6aa54ee0e6425008351cb9e1
57,MAA,AMD,2026-09-12,2026-09-19,INR,2026-09-12 18:38:53.734715,6aa54ee8b463f39bd690f7d6
58,MAA,COK,2026-09-12,2026-09-19,INR,2026-09-12 18:38:59.152959,6aa54ef0afea458dc838ea85
59,MAA,GOI,2026-09-12,2026-09-19,INR,2026-09-12 18:39:03.161964,6aa54ef59c2312cd2851c577
60,CCU,BLR,2026-09-12,2026-09-19,INR,2026-09-12 18:39:06.68493,6aa54ef9fd9b9040b4ac922a
61,CCU,DEL,2026-09-12,2026-09-19,INR,2026-09-12 18:39:15.179989,6aa54efd3a9206509f2f500e
62,CCU,BOM,2026-09-12,2026-09-19,INR,2026-09-12 18:39:19.522461,6aa54f052f5ea0dc09eabe0b
63,CCU,HYD,2026-09-12,2026-09-19,INR,2026-09-12 18:39:29.449474,6aa54f0a3d36568a7b02d43c
64,CCU,MAA,2026-09-12,2026-09-19,INR,2026-09-12 18:39:42.419227,6aa54f14874d50df72f4a38e
65,CCU,PNQ,2026-09-12,2026-09-19,INR,2026-09-12 18:39:49.939523,6aa54f210d0b29cdf6db671a
66,CCU,AMD,2026-09-12,2026-09-19,INR,2026-09-12 18:40:02.554614,6aa54f28afea458dce8a1ef9
67,CCU,COK,2026-09-12,2026-09-19,INR,2026-09-12 18:40:12.662603,6aa54f35d996125b7c31e1f7
68,CCU,GOI,2026-09-12,2026-09-19,INR,2026-09-12 18:40:37.258023,6aa54f3f73d175e5c38db589
69,PNQ,BLR,2026-09-12,2026-09-19,INR,2026-09-12 18:40:48.117469,6aa54f5823df78d3aadf07ba
70,PNQ,DEL,2026-09-12,2026-09-19,INR,2026-09-12 18:40:55.621715,6aa54f6255ba65ab38da2e19
71,PNQ,HYD,2026-09-12,2026-09-19,INR,2026-09-12 18:41:23.068246,6aa54f7c41ffc8dec6acb5ad
72,PNQ,MAA,2026-09-12,2026-09-19,INR,2026-09-12 18:41:30.49339,6aa54f85a204abc9f1dad38a
73,PNQ,CCU,2026-09-12,2026-09-19,INR,2026-09-12 18:41:38.469041,6aa54f8dc29c3deccc021f53
74,PNQ,AMD,2026-09-12,2026-09-19,INR,2026-09-12 18:41:46.625844,6aa54f95f0114a893c88e6cd
75,PNQ,COK,2026-09-12,2026-09-19,INR,2026-09-12 18:41:53.222106,6aa54f9da89e02ad74223fde
76,PNQ,GOI,2026-09-12,2026-09-19,INR,2026-09-12 18:42:10.983632,6aa54fa3f96561671a7630a7
77,AMD,BLR,2026-09-12,2026-09-19,INR,2026-09-12 18:42:22.666925,6aa54fb59d26cfddf08b41b6
78,AMD,DEL,2026-09-12,2026-09-19,INR,2026-09-12 18:42:27.131417,6aa54fc15c4bf427e600c441
79,AMD,BOM,2026-09-12,2026-09-19,INR,2026-09-12 18:42:34.956279,6aa54fc528c7fbfe8c9707f0
80,AMD,HYD,2026-09-12,2026-09-19,INR,2026-09-12 18:42:43.438476,6aa54fcd13f4b6fde27c4c6f
81,AMD,MAA,2026-09-12,2026-09-19,INR,2026-09-12 18:42:48.040012,6aa54fd65922f4635a81f159
82,AMD,CCU,2026-09-12,2026-09-19,INR,2026-09-12 18:43:00.748953,6aa54fda5c018f1427adc3a7
83,AMD,PNQ,2026-09-12,2026-09-19,INR,2026-09-12 18:43:04.940542,6aa54fe7408027f809b73676
84,AMD,COK,2026-09-12,2026-09-19,INR,2026-09-12 18:43:09.862696,6aa54febcfa2302bcfa7050f
85,AMD,GOI,2026-09-12,2026-09-19,INR,2026-09-12 18:43:19.132002,6aa54ff0d6eb72ac93433c46
86,COK,BLR,2026-09-12,2026-09-19,INR,2026-09-12 18:43:23.85033,6aa54ffac83b3fa670f67a93
87,COK,DEL,2026-09-12,2026-09-19,INR,2026-09-12 18:43:31.142364,6aa54ffef0527513b81179b4
88,COK,BOM,2026-09-12,2026-09-19,INR,2026-09-12 18:43:42.825444,6aa55006f6d5ee9091a75cc3
89,COK,HYD,2026-09-12,2026-09-19,INR,2026-09-12 18:43:56.400137,6aa55011974bbb26de018209
90,COK,MAA,2026-09-12,2026-09-19,INR,2026-09-12 18:44:04.700461,6aa5501f69a3226a8503c483
91,COK,CCU,2026-09-12,2026-09-19,INR,2026-09-12 18:44:07.83919,6aa5502728c7fbfe96ce2589
92,COK,PNQ,2026-09-12,2026-09-19,INR,2026-09-12 18:44:11.624007,6aa5502ab463f385b5c7a858
93,COK,AMD,2026-09-12,2026-09-19,INR,2026-09-12 18:44:17.807946,6aa5502ecbcccf98c383f053
94,COK,GOI,2026-09-12,2026-09-19,INR,2026-09-12 18:44:21.451326,6aa550343b93e3a7a7accad9
95,GOI,BLR,2026-09-12,2026-09-19,INR,2026-09-12 18:44:35.115949,6aa5503886e9fa2ac65e7ab3
96,GOI,DEL,2026-09-12,2026-09-19,INR,2026-09-12 18:44:48.838983,6aa5504597f1cc6744255300
97,GOI,BOM,2026-09-12,2026-09-19,INR,2026-09-12 18:44:52.62864,6aa55053759dbc35835feee1
98,GOI,HYD,2026-09-12,2026-09-19,INR,2026-09-12 18:45:07.880194,6aa550578976f727f5409730
99,GOI,MAA,2026-09-12,2026-09-19,INR,2026-09-12 18:45:24.874509,6aa55066d3fb85498f130120
100,GOI,CCU,2026-09-12,2026-09-19,INR,2026-09-12 18:45:43.451375,6aa5507714537b925c74b556
101,GOI,PNQ,2026-09-12,2026-09-19,INR,2026-09-12 18:45:58.823831,6aa5508a89ec198d0608a8e2
102,GOI,AMD,2026-09-12,2026-09-19,INR,2026-09-12 18:46:15.058196,6aa5509995a69486df8b5b0a
103,GOI,COK,2026-09-12,2026-09-19,INR,2026-09-12 18:46:30.438474,6aa550a97223f49006068507
104,BLR,DEL,2026-09-13,2026-09-20,INR,2026-09-12 18:46:34.713183,6aa550b919c5f630474054f4
105,BLR,BOM,2026-09-13,2026-09-20,INR,2026-09-12 18:46:42.499391,6aa550be8ffd7b0112abff5f
106,BLR,HYD,2026-09-13,2026-09-20,INR,2026-09-12 18:46:46.523225,6aa550c5b2c613a6669876b7
107,BLR,MAA,2026-09-13,2026-09-20,INR,2026-09-12 18:46:51.611292,6aa550c9d355cc2fb3467ced
108,BLR,CCU,2026-09-13,2026-09-20,INR,2026-09-12 18:46:57.856684,6aa550ce2b15b9df863747e0
109,BLR,PNQ,2026-09-13,2026-09-20,INR,2026-09-12 18:47:04.70868,6aa550d4e3e17623a77cd11c
110,BLR,AMD,2026-09-13,2026-09-20,INR,2026-09-12 18:47:13.134529,6aa550db0558c0f55eaf38ef
111,BLR,COK,2026-09-13,2026-09-20,INR,2026-09-12 18:47:17.518422,6aa550e4b9dbc400cf34b71d
112,BLR,GOI,2026-09-13,2026-09-20,INR,2026-09-12 18:47:24.279388,6aa550e873ae605930773412
113,DEL,BLR,2026-09-13,2026-09-20,INR,2026-09-12 18:47:31.755478,6aa550efc83b3fa67c89e94f
114,DEL,BOM,2026-09-13,2026-09-20,INR,2026-09-12 18:47:36.357047,6aa550f650d43edc5c9d995c
115,DEL,HYD,2026-09-13,2026-09-20,INR,2026-09-12 18:47:46.011598,6aa550fbbcd927d24c23242c
116,DEL,MAA,2026-09-13,2026-09-20,INR,2026-09-12 18:47:54.784157,6aa551048c60cacdb5fcd216
117,DEL,CCU,2026-09-13,2026-09-20,INR,2026-09-12 18:48:03.044802,6aa5510d408027f81b945dd0
118,DEL,PNQ,2026-09-13,2026-09-20,INR,2026-09-12 18:48:07.834974,6aa55116bdfe492fbab76e5c
119,DEL,AMD,2026-09-13,2026-09-20,INR,2026-09-12 18:48:11.889998,6aa5511a6c3283cda6f87dcd
120,DEL,COK,2026-09-13,2026-09-20,INR,2026-09-12 18:48:20.497912,6aa5511e532a179da9b275c0
121,DEL,GOI,2026-09-13,2026-09-20,INR,2026-09-12 18:48:25.066594,6aa55127a7d7845e11981019
122,BOM,BLR,2026-09-13,2026-09-20,INR,2026-09-12 18:48:30.217029,6aa5512d3ee4c2fcc01e80d2
123,BOM,DEL,2026-09-13,2026-09-20,INR,2026-09-12 18:48:34.828543,6aa551314707f1f2313a05a7
124,BOM,HYD,2026-09-13,2026-09-20,INR,2026-09-12 18:48:43.94507,6aa5513516a5a880bbfaaee3
125,BOM,MAA,2026-09-13,2026-09-20,INR,2026-09-12 18:48:52.650295,6aa5513e01289bfcc85fc00b
126,BOM,CCU,2026-09-13,2026-09-20,INR,2026-09-12 18:49:01.660233,6aa551476372f3b4ade792c0
127,BOM,PNQ,2026-09-13,2026-09-20,INR,2026-09-12 18:49:15.899359,6aa5515002ab8c6cbe26d5e7
128,BOM,AMD,2026-09-13,2026-09-20,INR,2026-09-12 18:49:19.620351,6aa5515ee6425008339826ee
129,BOM,COK,2026-09-13,2026-09-20,INR,2026-09-12 18:49:26.760319,6aa55162a3ce84477bb8d3e9
130,BOM,GOI,2026-09-13,2026-09-20,INR,2026-09-12 18:49:35.137352,6aa55169b24c5d187edc295b
131,HYD,BLR,2026-09-13,2026-09-20,INR,2026-09-12 18:49:41.187779,6aa551719f8abcaf5e1bcfff
132,HYD,DEL,2026-09-13,2026-09-20,INR,2026-09-12 18:49:50.19498,6aa5517704e10a7594c43c07
133,HYD,BOM,2026-09-13,2026-09-20,INR,2026-09-12 18:49:57.872649,6aa551802c2bb43fa9ab6879
134,HYD,MAA,2026-09-13,2026-09-20,INR,2026-09-12 18:50:06.105466,6aa55188f7ae8d18df1af5ff
135,HYD,CCU,2026-09-13,2026-09-20,INR,2026-09-12 18:50:11.538588,6aa5519002706a97167cc61a
136,HYD,PNQ,2026-09-13,2026-09-20,INR,2026-09-12 18:50:14.419503,6aa551964c437f6000d27be0
137,HYD,AMD,2026-09-13,2026-09-20,INR,2026-09-12 18:50:17.932925,6aa551996e22377ab357d66c
138,HYD,COK,2026-09-13,2026-09-20,INR,2026-09-12 18:50:26.747076,6aa5519c23df78d3b83186dd
139,HYD,GOI,2026-09-13,2026-09-20,INR,2026-09-12 18:50:30.946205,6aa551a589ec1978c6886c4a
140,MAA,BLR,2026-09-13,2026-09-20,INR,2026-09-12 18:50:34.741259,6aa551a959eb3707219d33e7
141,MAA,DEL,2026-09-13,2026-09-20,INR,2026-09-12 18:50:43.342733,6aa551adf0114a892afe91cf
142,MAA,BOM,2026-09-13,2026-09-20,INR,2026-09-12 18:50:46.771746,6aa551b5eeabd383c7d37b24
143,MAA,HYD,2026-09-13,2026-09-20,INR,2026-09-12 18:50:55.52891,6aa551b9e396eb79e7851ef5
144,MAA,CCU,2026-09-13,2026-09-20,INR,2026-09-12 18:51:03.884827,6aa551c27af8998914b89116
145,MAA,PNQ,2026-09-13,2026-09-20,INR,2026-09-12 18:51:07.622374,6aa551ca3ee4c2fcd27622e6
146,MAA,AMD,2026-09-13,2026-09-20,INR,2026-09-12 18:51:16.818635,6aa551ce1de0641b535d72dd
147,MAA,COK,2026-09-13,2026-09-20,INR,2026-09-12 18:51:23.519354,6aa551d741ffc8de9f7c0f08
148,MAA,GOI,2026-09-13,2026-09-20,INR,2026-09-12 18:51:31.92295,6aa551de5c9301b2a263ffaf
149,CCU,BLR,2026-09-13,2026-09-20,INR,2026-09-12 18:51:41.297642,6aa551e62ddc4343121a5859
150,CCU,DEL,2026-09-13,2026-09-20,INR,2026-09-12 18:51:44.98564,6aa551f0a973c48065d6a847
151,CCU,BOM,2026-09-13,2026-09-20,INR,2026-09-12 18:51:50.720594,6aa551f31f758a45bf111119
152,CCU,HYD,2026-09-13,2026-09-20,INR,2026-09-12 18:51:59.110825,6aa551f9018c482a36361fd2
153,CCU,MAA,2026-09-13,2026-09-20,INR,2026-09-12 18:52:04.438489,6aa55201b463f39bd690faeb
154,CCU,PNQ,2026-09-13,2026-09-20,INR,2026-09-12 18:52:12.809811,6aa55207703f1768db5041ce
155,CCU,AMD,2026-09-13,2026-09-20,INR,2026-09-12 18:52:22.023434,6aa5520f7223f48ffee00f89
156,CCU,COK,2026-09-13,2026-09-20,INR,2026-09-12 18:52:25.797057,6aa552185c2622fee9e7a563
157,CCU,GOI,2026-09-13,2026-09-20,INR,2026-09-12 18:52:35.831799,6aa5521c2771436b8f664aee
158,PNQ,BLR,2026-09-13,2026-09-20,INR,2026-09-12 18:52:47.30513,6aa55226d6eb72ac89d6a62c
159,PNQ,DEL,2026-09-13,2026-09-20,INR,2026-09-12 18:52:52.778251,6aa55231ae678c2e1c4514fc
160,PNQ,BOM,2026-09-13,2026-09-20,INR,2026-09-12 18:53:08.147665,6aa5523789ec192af0a6bf50
161,PNQ,HYD,2026-09-13,2026-09-20,INR,2026-09-12 18:53:11.548634,6aa552461a29fe9d1b581988
162,PNQ,MAA,2026-09-13,2026-09-20,INR,2026-09-12 18:53:19.457387,6aa5524a12eb145bbd2199b7
163,PNQ,CCU,2026-09-13,2026-09-20,INR,2026-09-12 18:53:27.818459,6aa55252bde979d60b2ebe0e
164,PNQ,AMD,2026-09-13,2026-09-20,INR,2026-09-12 18:53:31.143003,6aa5525a14537b92661a80de
165,PNQ,COK,2026-09-13,2026-09-20,INR,2026-09-12 18:53:38.766448,6aa5525d2f5ea0dc1b46ccda
166,PNQ,GOI,2026-09-13,2026-09-20,INR,2026-09-12 18:53:48.369282,6aa5526513f4b6fe0cd8a3e6
167,AMD,BLR,2026-09-13,2026-09-20,INR,2026-09-12 18:53:56.564196,6aa5526fe827071f0881f5e7
168,AMD,DEL,2026-09-13,2026-09-20,INR,2026-09-12 18:54:00.76584,6aa55277550cc4e70daaaf4d
169,AMD,BOM,2026-09-13,2026-09-20,INR,2026-09-12 18:54:04.450907,6aa5527b1290d96a320d974b
170,AMD,HYD,2026-09-13,2026-09-20,INR,2026-09-12 18:54:13.777051,6aa5527fbf04d5e4f9a6602f
171,AMD,MAA,2026-09-13,2026-09-20,INR,2026-09-12 18:54:24.057115,6aa552886feec4b75a9cdd19
172,AMD,CCU,2026-09-13,2026-09-20,INR,2026-09-12 18:54:28.747222,6aa55293822c5f2f85a40a3c
173,AMD,PNQ,2026-09-13,2026-09-20,INR,2026-09-12 18:54:37.947024,6aa55297fbbebb53c2df3ee1
174,AMD,COK,2026-09-13,2026-09-20,INR,2026-09-12 18:54:43.544363,6aa552a0d3fb8549bd9df5ce
175,AMD,GOI,2026-09-13,2026-09-20,INR,2026-09-12 18:54:47.467707,6aa552a63ee4c2fcb6b67fd5
176,COK,BLR,2026-09-13,2026-09-20,INR,2026-09-12 18:54:51.345462,6aa552aaa8dce66d03faaa58
177,COK,DEL,2026-09-13,2026-09-20,INR,2026-09-12 18:55:01.41061,6aa552ae6feec4b77a1326c5
178,COK,BOM,2026-09-13,2026-09-20,INR,2026-09-12 18:55:09.400044,6aa552b880a07827567660ca
